<?xml version="1.0" encoding="UTF-8"?>
<project-private xmlns="http://www.netbeans.org/ns/project-private/1">
    <editor-bookmarks xmlns="http://www.netbeans.org/ns/editor-bookmarks/2" lastBookmarkId="0"/>
    <open-files xmlns="http://www.netbeans.org/ns/projectui-open-files/2">
        <group>
            <file>file:/C:/Users/Simran/Documents/NetBeansProjects/CafeManagementSystem1/src/Connection1/AddandViewProduct.java</file>
            <file>file:/C:/Users/Simran/Documents/NetBeansProjects/CafeManagementSystem1/src/Connection1/Menu.java</file>
            <file>file:/C:/Users/Simran/Documents/NetBeansProjects/CafeManagementSystem1/src/cafemanagementsystem1/CafeManagementSystem1.java</file>
            <file>file:/C:/Users/Simran/Documents/NetBeansProjects/CafeManagementSystem1/src/HomePage.java</file>
            <file>file:/C:/Users/Simran/Documents/NetBeansProjects/CafeManagementSystem1/src/AddandViewProduct.java</file>
            <file>file:/C:/Users/Simran/Documents/NetBeansProjects/CafeManagementSystem1/src/Connection1/ConnectionClass.java</file>
            <file>file:/C:/Users/Simran/Documents/NetBeansProjects/CafeManagementSystem1/src/NewJFrame.java</file>
            <file>file:/C:/Users/Simran/Documents/NetBeansProjects/CafeManagementSystem1/src/Connection1/SignUp.java</file>
            <file>file:/C:/Users/Simran/Documents/NetBeansProjects/CafeManagementSystem1/src/Login.java</file>
            <file>file:/C:/Users/Simran/Documents/NetBeansProjects/CafeManagementSystem1/src/Connection1/ForgetPassword.java</file>
            <file>file:/C:/Users/Simran/Documents/NetBeansProjects/CafeManagementSystem1/src/ForgetPassword.java</file>
            <file>file:/C:/Users/Simran/Documents/NetBeansProjects/CafeManagementSystem1/src/Connection1/Login.java</file>
            <file>file:/C:/Users/Simran/Documents/NetBeansProjects/CafeManagementSystem1/src/ChangePassword.java</file>
            <file>file:/C:/Users/Simran/Documents/NetBeansProjects/CafeManagementSystem1/src/ConnectionClass.java</file>
            <file>file:/C:/Users/Simran/Documents/NetBeansProjects/CafeManagementSystem1/src/Connection1/Welcome.java</file>
            <file>file:/C:/Users/Simran/Documents/NetBeansProjects/CafeManagementSystem1/src/ViewBillandOrderProduct.java</file>
            <file>file:/C:/Users/Simran/Documents/NetBeansProjects/CafeManagementSystem1/src/txt2.java</file>
            <file>file:/C:/Users/Simran/Documents/NetBeansProjects/CafeManagementSystem1/src/tbleData.java</file>
            <file>file:/C:/Users/Simran/Documents/NetBeansProjects/CafeManagementSystem1/src/Connection1/PlaceOrder.java</file>
            <file>file:/C:/Users/Simran/Documents/NetBeansProjects/CafeManagementSystem1/src/Tabbed.java</file>
            <file>file:/C:/Users/Simran/Documents/NetBeansProjects/CafeManagementSystem1/src/Connection1/ViewBillandOrderProduct.java</file>
            <file>file:/C:/Users/Simran/Documents/NetBeansProjects/CafeManagementSystem1/src/PlaceOrder.java</file>
            <file>file:/C:/Users/Simran/Documents/NetBeansProjects/CafeManagementSystem1/src/SignUp.java</file>
            <file>file:/C:/Users/Simran/Documents/NetBeansProjects/CafeManagementSystem1/src/Connection1/HomePage.java</file>
            <file>file:/C:/Users/Simran/Documents/NetBeansProjects/CafeManagementSystem1/src/Connection1/ChangePassword.java</file>
            <file>file:/C:/Users/Simran/Documents/NetBeansProjects/CafeManagementSystem1/src/Connection1/ViewBills.java</file>
        </group>
    </open-files>
</project-private>
